geo,B051,B052,B081,B089,C101,C103,C104,C105,C106,C107,C108,C110,C131,C132,C133,C139,C141,C151,C152,C161,C162,C171,C172,C181,C182,C191,C201,C202,C203,C204,C205,C206,C211,C212,C221,C222,C231,C232,C233,C234,C235,C236,C237,C239,C241,C242,C243,C244,C245,C251,C252,C253,C254,C255,C256,C257,C259,C261,C262,C263,C264,C265,C266,C271,C272,C273,C274,C275,C279,C281,C282,C283,C284,C289,C291,C292,C293,C301,C303,C309,C310,C321,C322,C323,C324,C325,C329,C331,C332,D351,D352,D353,E360,E370,E381,E382,E383,E390,F411,F412,F421,F422,F429,F431,F432,F433,F439,G451,G452,G453,G454,G461,G462,G463,G464,G465,G466,G467,G469,G471,G472,G473,G474,G475,G476,G477,G478,G479,H492,H493,H494,H501,H502,H521,H522,I551,I559,I561,I562,I563,J581,J582,J591,J592,J601,J602,J611,J619,J620,J631,J639,L681,L682,L683,M691,M692,M701,M702,M711,M712,M721,M722,M731,M732,M742,M749,M750,N772,N773,N781,N782,N783,N791,N799,N801,N811,N812,N813,N821,N822,N823,N829,S951,S952,B061,B062,B071,C102,C109,C142,C143,I552,I553,M741,M743,N771,N802,N803,C120,C267,C302,C304,H504,H511,H512,N774,B091,C192,H491,H495,H503,H531,H532,J612,J613,B072,B099,C268
AT,0,0,4192,645,17299,3590,639,4900,2330,30751,7331,9122,1010,2206,908,5076,6513,2352,1439,10925,22715,7241,9533,12732,1446,0,6515,295,2968,2634,2478,2257,3484,7691,2279,25199,9644,1416,965,1480,1442,11223,3305,3040,14459,3156,2624,6417,6324,22615,3182,330,989,6061,11755,17508,7324,7689,890,1905,1116,5006,1964,24700,469,3277,3851,4533,6828,13403,22274,5812,5325,24346,13444,3570,11972,190,682,1760,30148,1753,871,3363,2060,8659,1578,12358,11022,22729,3003,2953,2381,2604,8760,2236,1993,107,2837,56184,20719,13697,1536,9095,78296,56248,35662,36964,26612,12089,1989,15369,16279,26969,43806,8428,34844,45638,4217,99518,22871,11641,11541,55001,20723,112482,1843,7674,8849,53397,57289,0,0,1377,48089,96552,1540,136877,10620,11449,9793,1762,5695,1028,445,4519,2387,811,37298,14648,1337,1743,25780,17047,23688,33317,21570,24086,52116,5346,7862,563,23713,1611,3452,3955,4550,3653,4917,1571,67444,0,9897,1285,11620,9653,55571,5928,2451,4355,2112,6192,1163,3101,0,0,0,125,1936,103,1308,6153,987,2183,1453,2307,69,579,0,915,0,0,154,8258,31,622,27,1207,3624,405,363,0,0,13602,21,0,18,0
BE,0,0,2793,94,14246,7794,1959,7513,3041,30596,16145,9736,1431,4452,1469,15141,4556,989,266,1762,10386,3321,9057,18816,136,0,25439,1268,4131,5667,6064,1288,533,22082,2537,21941,8920,765,890,425,2365,12375,3223,1798,15351,1146,3669,7556,2731,23128,3267,4673,1709,2521,17702,2789,6302,3992,1150,4846,0,2773,421,6748,1277,2892,5372,1590,2548,8329,12402,4074,1368,10901,18955,4978,11032,93,4970,382,14588,1858,164,104,631,4521,1215,8374,1728,17312,1264,40,8046,2134,4746,6818,4306,742,9320,72369,17356,8867,4734,12112,71675,65099,42784,45277,21201,12681,1770,15500,7467,36605,63518,16075,39305,52475,6312,96566,32962,5151,9848,44381,17016,102921,5007,4123,1105,18045,62079,269,1103,10574,80459,17146,104,98820,21541,26786,10876,603,6781,1208,575,1766,21127,5333,65083,2063,1589,3393,27028,20793,21370,28570,19448,52465,44388,7833,9839,298,16567,5818,3462,4748,4935,3765,6410,21623,124380,16363,8162,1045,13921,2009,57978,18508,6460,5063,3782,7913,2023,3156,0,0,0,788,3484,75,355,3817,825,3184,3509,3308,2494,186,1524,236,766,0,589,4333,1199,405,10,4091,35537,65,199,0,0,3874,63,0,86,8
BG,190,13111,4094,429,18485,7980,2619,9726,2815,31328,11462,15323,4174,2125,507,5643,96816,1973,15259,5738,10043,1250,7902,9520,106,0,3949,231,1597,4554,2915,547,12,5726,2903,20869,4034,467,2474,3098,2238,7324,1811,2871,2769,945,284,5088,4205,13317,1416,130,13461,515,10362,2900,11611,2805,389,1205,322,2396,125,6440,1399,4912,909,3282,1562,9020,10656,1054,2364,6195,0,408,9756,831,16,1052,22425,948,177,1329,1426,2273,2037,15849,1251,28965,1126,4100,17589,309,11658,1553,2418,445,1192,68379,21216,9941,11274,3353,19022,14267,12856,10050,17154,19033,388,5654,7676,47478,31906,6893,12221,45825,12454,113226,25491,16501,12359,32456,12157,88252,6253,4562,4129,35915,44369,80,569,964,32823,34965,1265,55178,6490,39522,7015,935,2792,459,641,3540,10186,1672,26178,3789,1985,4660,21455,9375,2864,22590,760,9333,20428,3169,1593,88,10428,1914,1554,11546,1019,205,1724,1006,1522,3427,5758,505,50583,748,8683,2197,1361,2212,717,4332,1359,4511,0,37,0,1470,1718,121,9093,629,69,990,1747,1799,7389,153,4647,1101,2275,0,1058,2143,411,56,14,2357,8229,0,0,0,0,6976,0,6388,149,24
CH,0,0,3853,329,11324,699,614,11011,1404,11812,16895,8155,892,1593,1151,5449,4278,993,782,3434,33026,2014,9363,25710,206,0,10101,1299,4471,5530,8781,571,7557,30283,1325,22931,4795,112,924,1030,1103,6631,1963,2000,1277,2612,1326,4355,5428,13425,2800,0,2501,3665,39826,13693,9683,26380,1875,4468,67,56941,13685,14715,645,6392,2884,4836,8833,14768,28341,1869,12971,26283,2136,1337,1773,394,5896,937,12955,2928,249,244,941,10457,5292,10728,2997,26166,922,9,1114,2426,2193,1988,4709,81,551,77263,21292,2735,1723,3748,86631,55276,48465,4370,62581,10401,3538,576,6678,26688,54617,14780,31196,53645,6620,132003,30438,8892,16425,35611,19017,87261,281,3879,6442,41770,29583,371,568,4320,30371,71932,0,113547,21473,5746,14748,203,4792,663,902,6408,20118,714,57340,4404,1747,1504,2420,19094,16090,39117,17084,25776,85286,3177,14697,1183,17206,4293,1134,2823,4001,1708,2512,9481,2347,64,10011,3811,15202,11341,56530,17943,2243,2840,4403,5642,935,1651,28,0,0,142,2169,10,447,2639,1505,4546,1065,1004,1397,41,2918,5405,3173,0,442,11088,773,545,67,924,29202,54,1156,32941,15499,1447,212,0,0,0
CY,0,0,0,0,1323,757,0,1563,298,6019,734,1885,0,0,51,452,736,28,66,26,3077,0,667,0,0,0,0,78,307,323,0,0,0,1122,12,1287,285,20,190,43,286,1608,748,69,0,48,0,267,0,3141,40,0,26,0,270,111,643,0,0,0,0,0,0,221,0,0,90,262,0,0,424,59,0,110,0,97,117,38,0,0,1431,389,5,0,9,200,150,480,81,2470,0,0,404,413,258,71,311,0,2236,15453,1748,269,509,1595,6964,2837,4231,2167,4178,1214,222,1420,405,5925,5656,997,1674,3648,804,13241,2081,1228,1694,6474,1778,10367,53,838,0,3596,2807,3218,67,144,8466,16337,0,16475,1196,5619,1090,273,300,35,340,998,2908,879,1938,149,140,150,311,1336,3320,6986,540,2818,3263,525,0,0,1045,576,406,273,165,207,260,208,757,886,2125,149,1080,13,1207,225,252,16,139,375,198,372,0,0,0,0,339,0,31,506,31,262,75,731,0,14,0,0,0,0,0,1224,0,0,0,38,0,0,0,708,578,213,18,0,0,0
CZ,0,0,5857,521,24263,3134,936,9684,3167,37614,16978,15965,2289,6358,1054,16406,23638,3465,3321,10260,50924,4045,15478,21344,2554,0,14977,859,2698,4987,4512,938,1371,8572,18764,60365,20465,3048,3574,5855,1986,14347,2768,3460,19979,3949,3758,3385,13978,28213,9537,3176,3372,8118,39700,42442,28955,8710,6338,5676,7695,6397,329,48488,1246,13542,7660,6401,15502,27461,40766,6534,10802,29098,33334,3427,102368,525,6063,2610,28840,4721,1163,2960,5757,14637,9628,36929,13556,15311,2401,13768,18391,1463,21232,3363,5804,426,1957,117172,37498,28299,4045,41661,73155,66059,40600,22963,45673,14629,980,31028,6626,31547,50686,10791,23571,58981,30621,149511,17832,12636,7230,46902,17853,83394,3997,16938,12784,39247,117499,2,0,10514,27685,28656,3592,116345,13652,4691,14743,2901,3614,1127,238,1210,11771,402,55949,10583,1029,571,27096,28157,22023,44898,5841,20211,61656,11823,7382,33,26681,3790,3088,20753,3179,2074,4937,3262,39842,6666,10829,1307,42943,2544,35352,3506,6264,5336,2194,10618,6581,6558,0,0,0,866,6243,227,2710,1932,358,2066,6826,1728,3187,343,0,3201,9526,0,374,3995,31,134,421,0,0,0,320,38454,4763,8728,361,0,1715,184
DE,0,0,26558,5296,203462,30377,7767,36813,13588,383482,99705,73274,4988,11917,12677,50075,38393,7678,9606,24989,108408,39413,100756,168350,5732,0,171461,7115,40970,46148,50423,8253,5519,109164,75439,312202,59287,7317,14831,20874,11753,67115,27812,20014,77997,26809,18905,55368,74443,176638,22828,3893,11259,103956,231752,134994,129986,73570,22917,26026,14276,129580,10923,261190,6107,79410,38060,50734,52089,337500,287521,31895,105167,270857,464357,40148,244990,19479,67678,10395,146958,13885,6522,6242,12788,178479,29869,131933,91193,194108,16781,10375,35656,38795,50809,35436,20214,2701,15470,237666,99329,62298,23840,30232,545119,379658,245289,381012,275254,127178,17321,87737,61476,258089,500754,119293,250407,455495,87254,1055396,244355,90015,110252,391574,151314,1078880,20574,130496,27955,331587,359784,1186,26493,66767,502645,435154,7235,977244,202681,219455,193304,7169,52104,5966,11795,21195,62118,42881,483653,37269,35265,14952,285801,139993,243209,344344,183992,161144,451796,86129,114577,7200,236988,19446,21747,55142,38655,29468,44266,34290,638105,223951,78776,5228,144787,85871,837872,130619,22303,93723,36311,249369,10071,27968,0,3754,0,8233,15887,0,0,43918,9562,31261,10183,23301,12643,4301,10371,22551,20000,4291,3937,56738,6994,4064,1661,0,45491,2871,4748,0,443371,25082,948,0,387,638
DK,0,0,666,388,14440,2028,867,0,869,14605,6048,3954,33,145,271,2906,1370,86,149,826,7818,508,4771,0,0,0,3778,0,673,1436,3896,0,860,16719,754,13498,1776,0,504,225,0,5405,559,3236,0,998,0,1026,872,8955,938,1440,0,706,9474,2644,8872,1912,668,1657,1564,6299,3545,4764,8,1867,1482,637,1419,26077,13435,3073,983,10252,336,1290,2773,2525,179,531,9318,987,202,200,0,4247,1157,7512,1460,9260,586,1389,2329,1920,3179,1850,1169,59,848,23309,3995,7301,1326,3608,43335,44673,19352,24067,16005,6175,634,5251,4445,19161,38407,13329,27452,31964,6097,101984,10413,9798,4319,23720,13387,56313,252,3213,0,26344,28480,3838,14285,1731,21302,17226,34,49453,10912,14456,19978,3229,6716,747,289,5206,11251,3189,46314,3390,645,669,37614,14789,12793,18739,7882,15198,34342,3867,8522,590,12068,2639,2128,5518,3017,2139,3995,1626,21274,1306,4318,727,2898,2395,38107,3584,4146,4128,1959,5159,828,3396,566,0,0,3714,3108,43,186,1338,864,4442,2445,1181,2255,195,943,520,57,0,31,3941,787,318,3529,0,8234,4,155,0,0,3743,0,0,82,15
EE,0,0,752,1061,2802,586,74,2169,115,3125,1589,1541,185,21,168,3521,6224,462,770,4050,8993,533,800,2743,41,0,1297,0,649,156,210,0,0,319,638,2782,1099,0,0,85,0,1725,383,29,0,208,11,123,202,5937,390,0,0,285,2394,216,1691,2226,121,2302,85,594,211,3100,17,381,333,36,507,105,1465,570,107,822,72,660,2401,603,0,0,7340,185,0,313,10,849,656,3319,430,3548,311,1863,1367,177,1122,311,496,32,513,13300,4059,3718,917,1470,8521,3136,2990,3444,3417,2757,136,2611,477,4459,5122,1114,3533,7711,2450,19855,1193,2121,919,5933,2794,10048,637,1342,1238,5824,13353,717,138,1922,8816,4723,14,9971,1781,799,2776,97,1376,99,138,136,2111,464,6712,963,476,688,6427,3584,1592,4010,1236,3425,4939,1218,864,109,2337,606,326,547,214,246,1211,211,3597,2515,1319,191,5962,629,6961,783,319,1509,159,2263,252,608,3075,0,0,1772,161,11,498,675,3,442,705,653,643,0,0,26,0,0,0,0,0,32,0,1406,453,0,0,0,0,1225,0,0,36,0
EL,0,337,4812,458,8171,10603,4315,11311,2643,33708,9908,11015,2189,1350,1387,5890,21268,909,2918,1451,11512,1470,6454,11208,482,0,3025,494,2741,3992,1814,45,455,7091,2608,12528,1614,237,1862,1248,3264,10706,4591,797,3501,1311,5734,5205,1185,21434,1078,164,1295,1959,4384,5636,8141,660,203,2064,164,1648,333,2013,564,1422,1866,2197,1238,861,11436,1278,1524,2639,487,1152,1504,3847,1873,287,19370,5349,113,413,224,1356,2065,10695,667,20899,614,617,7572,1139,132,419,284,185,4758,93113,15317,13026,4128,14503,47318,33530,17018,27076,39808,19934,6894,34682,10147,68261,93365,10193,38559,62863,10935,111616,67235,20822,9029,98296,21363,143462,16932,14685,34,75550,45712,11218,4956,4029,36894,55370,29,117804,5816,81384,22433,4542,5772,821,5216,8738,13537,2327,15365,2879,347,1115,2443,7290,16572,53618,0,34110,63210,4437,10300,3881,14821,3081,4722,12153,1526,5626,4323,5751,3226,0,13840,0,38862,1162,40771,1706,5329,2253,3495,2534,1560,11358,76,0,0,2131,1487,2737,1264,14773,927,2652,2163,4087,2881,3641,1602,71,9,0,0,3680,71,68,256,4333,0,277,0,10771,3833,6566,124,1630,0,1
ES,4755,0,19448,2934,83344,32389,13350,26365,6451,82794,45319,48707,5724,6218,6409,27617,53665,8718,24067,7820,59921,11139,35920,73508,2782,47,29172,1949,14505,23228,13437,2793,7423,32397,23020,74335,21522,2427,23059,6115,9104,37525,25533,6878,26324,6003,3696,13322,16954,121309,12792,1660,1304,25664,56483,25055,35637,8445,2826,6162,3111,10071,2389,31785,2100,7204,9803,13577,8896,16356,45199,8212,7316,28691,63377,10796,66736,12368,17734,2075,88649,8614,828,1831,3475,17701,8829,56347,13673,44687,3082,918,40842,4711,32717,26815,7998,1897,128184,675727,72172,29938,26044,63753,388857,192404,82446,106760,151257,49829,10101,78344,31015,320998,237458,60307,130925,207130,5367,483940,247512,53088,57003,232720,83175,479842,49114,26321,60,179392,321241,2840,4206,24472,197336,212880,4733,442212,113018,423177,50883,7446,35985,1151,9608,24220,44682,12041,205872,18562,2902,3314,113872,84864,173461,195239,6098,52300,251602,50445,20962,1912,100407,17826,17360,53012,17333,10855,41844,11707,153497,951,47714,6460,127441,47174,473365,42502,16977,76796,20651,116710,16660,27438,306,20,83,18764,13784,754,6637,28194,6458,10875,10465,16008,5235,1031,2772,648,11577,0,45,31912,693,385,188,8708,20405,0,349,0,0,10192,1008,1095,38,0
FI,0,0,1878,2141,9105,1556,289,6082,767,9978,6469,3807,139,58,428,3005,2788,502,1322,6072,18876,21891,3865,10713,131,0,7830,13,1831,655,2513,46,95,4544,2391,11809,4519,53,324,467,766,6804,1564,1757,11244,620,0,3140,2433,10797,1262,1944,531,202,18698,2960,5347,1969,314,25309,203,5115,2003,12603,84,1543,1352,1057,2153,11537,15048,4322,1997,16092,2081,3107,1381,6359,1282,248,8637,1016,135,1052,96,2070,902,12759,5835,12530,63,815,2738,447,2293,2002,1575,395,1199,62331,9713,8101,1552,18679,41950,13958,15653,15102,15219,8524,1152,7077,2558,9339,20308,7558,19246,17867,6646,78803,6219,5174,4054,23626,7853,36230,300,1730,10,0,44013,5550,3598,4607,22651,10447,678,36116,11683,3646,17098,1739,3408,741,386,5735,7479,348,43647,3022,780,0,0,0,4954,16885,0,15711,35504,4559,3721,103,10445,1244,1800,4449,1413,1052,2945,215,38819,1224,3013,1974,8356,12167,39363,1846,1251,5292,1096,2892,1753,2399,0,0,0,941,827,110,274,492,282,2314,2140,1483,1055,0,0,42,0,466,40,4511,185,171,0,0,0,0,228,0,3717,4396,0,1913,365,4
FR,28,0,23179,1789,138338,26892,3187,56679,14826,224361,80843,49485,3822,6972,4983,34199,43612,19331,7677,19396,56756,17983,50547,77997,1932,0,69872,5553,13734,41852,25377,1147,6777,69862,51168,142110,41682,2546,7455,9443,5975,38259,10070,8670,25591,10417,5664,17136,27841,82429,8532,6619,6588,46378,105718,27239,48987,50466,3346,22547,1522,53493,4118,50465,4182,24090,16392,16987,11513,62542,61819,16063,6522,35199,137554,25157,61906,20079,83057,5185,62240,12590,2304,3834,2527,49232,11222,118490,82300,127622,18215,24357,41971,14053,40981,19859,34098,3701,20135,122581,98397,64068,16417,87860,474187,466161,443476,183544,145038,76049,15593,116595,43750,159632,239365,45668,204199,219448,39387,676026,105716,16584,27154,226835,91894,552991,100546,107197,1904,243707,375094,5508,8836,58221,196623,160415,4132,588840,116086,86550,82324,53106,47314,4950,9996,20842,106916,18343,319802,54032,7912,5923,163931,129339,142281,152998,157220,171599,301193,67917,44163,1329,130036,25898,15782,26172,19531,30198,30162,12737,740089,41873,31288,8131,151365,3729,405451,72952,40554,48983,12518,156474,34649,36225,0,0,0,12814,18660,362,7173,27303,9256,23678,13050,19414,21812,841,1838,3223,14032,2229,1677,67302,1882,2410,110,0,168411,4411,2032,237852,6767,29208,3829,521,81,103
HR,0,0,2723,163,12154,1526,1294,5439,1994,22311,10421,8789,521,464,826,3916,18563,3984,5820,5899,10117,1733,3267,8890,165,0,4028,336,770,1796,670,0,0,4347,1075,9812,2276,36,1569,704,1735,3854,3370,540,266,1422,281,817,2590,13568,1013,1171,1710,671,6387,1887,5916,1573,1429,581,28,1542,98,4409,63,1752,863,774,1273,3691,2886,1332,653,2337,235,283,1451,11740,431,64,11944,1168,58,159,160,1494,1666,11274,3015,13750,1765,1104,9340,303,6602,392,2152,1726,3759,48532,18081,6936,7060,4880,22687,19442,5183,7250,10404,5025,413,7460,1042,8182,13446,2473,3573,13261,38020,73635,5094,2450,966,12642,6977,31113,3803,3413,2506,10164,21655,3152,983,338,22680,26216,2768,27140,1504,32461,7074,753,1360,293,1082,4660,7669,175,11433,1533,321,2612,3450,4415,4623,14042,12688,6066,21424,3697,4572,1244,5409,1994,1166,873,2394,925,3081,1657,3539,214,5817,350,13906,185,10201,1946,242,355,214,643,1323,3050,0,7852,0,1484,959,12,3806,2812,625,1244,712,891,810,28,859,492,1207,0,156,1127,0,1,2563,415,1931,659,11,9424,1546,1899,61,0,10,0
HU,10,101,3028,158,27583,7701,891,7236,2927,29413,9220,13419,1729,879,365,5974,23398,3484,6961,4597,13892,973,10344,15959,326,750,8060,658,1415,2173,783,25,793,15260,9860,32195,4474,833,2221,5198,1294,6954,1634,2016,6009,125,1012,4549,4756,23672,2927,281,344,2382,21201,5061,7224,20925,8104,16188,0,4227,795,14142,991,6792,2607,9378,4637,20047,16364,4720,1760,8371,11080,2371,51702,250,180,703,17389,1422,182,1237,2453,10905,2624,18927,4592,15344,4216,6155,19707,3547,7790,7768,2533,904,4548,55510,17277,16518,4288,8241,56877,27308,22163,31012,23192,13359,1249,19070,10756,36167,35581,7720,10202,32908,17668,139298,17697,7587,8272,33513,10657,82244,8503,14250,4818,48607,62531,16,13,6013,47938,20926,998,70613,14592,21007,11855,3705,5716,711,1930,4391,12848,800,49587,8731,3680,29791,27339,12199,13559,49376,4692,36134,40958,7318,5509,1772,12669,5018,2466,18433,2442,1975,4537,8259,46206,1267,4659,865,27475,9730,34825,4162,5332,2276,3511,27188,3675,7961,1,74,0,69,4609,111,2615,1455,353,1550,3928,2551,4807,901,1079,713,3613,0,260,1497,354,182,1089,5579,8708,860,661,34909,4345,3560,127,107,147,0
IE,0,0,1576,0,13573,1468,134,6489,312,5595,7500,2949,79,414,148,1396,951,0,0,954,3493,64,2757,5352,938,0,4138,0,372,737,1529,0,3173,12120,643,7604,1167,64,163,242,573,3525,1180,1128,697,497,317,838,164,4363,1377,28,3,298,4028,992,2292,5565,5281,544,0,1595,1507,1562,0,807,307,598,849,2293,4853,885,511,994,169,507,2188,127,57,17,4960,911,72,143,0,22798,1629,4369,584,8178,0,8,182,797,2332,2097,1641,140,2201,26927,2995,1884,2461,1547,27578,24677,14275,13761,10439,5154,332,6532,2685,21607,17580,6923,10375,16906,6004,85424,11806,11405,4325,19626,11636,64486,301,2073,3,28667,0,339,313,3335,11552,43117,0,48799,12794,39192,0,0,4879,374,1299,2699,8888,0,30044,0,1007,0,10052,9267,18847,24593,1660,14794,20427,2040,3298,470,4945,2994,2082,4764,3266,991,8294,20208,3571,2061,2982,1996,0,1294,26239,4745,1529,8120,1010,5343,896,1758,12,0,0,1989,1793,0,0,0,0,3215,794,2107,7537,0,0,0,0,0,0,8111,123,406,35,0,0,0,91,0,0,3403,0,1233,45,0
IT,0,0,17527,2561,58946,29639,10687,43023,8871,172185,56685,35763,23139,37628,29891,59876,189135,53662,81911,22471,116083,14026,60708,98191,1399,272,40610,2012,21125,27238,19377,3119,10884,52864,41688,142507,40460,2607,33376,14699,10401,51221,49576,13217,42751,17696,18024,20235,30733,188598,15277,2887,7160,40102,140826,54430,110051,38760,7482,25150,2726,23373,13070,53345,2848,19421,18031,42775,34165,104621,155148,31129,40798,129974,68522,14039,88166,28270,32506,19395,163744,33355,2088,6048,3495,61918,20816,108050,57580,60237,22161,4016,29182,10731,93303,17730,24334,4820,6602,579635,57501,25434,24834,54128,509027,499405,65318,117362,207401,58989,18255,282283,28310,177073,268939,56950,104506,232395,49637,492911,212320,66154,30037,219390,103869,611966,120945,35588,1089,174857,331779,14341,12887,18797,320951,225723,2619,523710,119107,334010,38739,3063,32823,1944,4162,23075,63622,12604,232300,124253,9770,56060,215234,74894,219705,261427,25926,110416,288029,33972,21186,3702,48621,12758,20294,121772,13395,9592,26623,4435,212499,17575,42038,6887,68387,12599,434849,25795,16770,49275,14488,176334,16334,35108,332,13015,0,5615,8159,2276,34976,46661,9256,44857,7697,10728,966,4148,1174,2188,10427,0,591,23208,380,604,1696,15580,43364,2575,1903,0,0,22431,515,37,0,225
LT,0,0,1011,1126,8449,904,167,7633,995,10723,3861,3740,1269,1010,596,4266,18348,445,604,8823,10683,314,2944,3518,29,0,3551,13,386,350,230,422,0,677,501,6545,1258,0,553,565,0,3016,1240,498,0,19,597,0,208,3716,1313,0,0,553,1189,758,3858,541,235,891,0,708,95,1380,0,492,333,1097,55,708,3043,343,167,670,86,506,703,523,261,478,19359,930,0,168,169,0,1293,6926,374,7905,1799,6172,5799,581,3003,1349,1240,0,1711,35027,8258,6182,1284,2693,14640,7506,4004,9464,11197,10832,113,1628,2679,13409,18812,2361,9781,21141,886,52709,1911,7052,2408,13622,4191,28326,15223,3577,10753,15307,39404,0,1470,1666,12482,4765,25,18001,4463,5754,5491,223,616,143,217,458,4076,338,8234,1299,181,1099,11302,5691,5771,5378,714,6016,11774,1838,825,69,5647,1325,960,1599,844,713,1414,2769,989,525,2360,289,6286,2585,12547,889,145,1819,469,1214,1170,1596,252,0,0,4521,1722,168,1891,858,51,428,1350,1102,3548,296,0,259,0,0,0,479,63,14,0,0,0,0,143,6900,1869,2089,25,0,0,0
LU,0,0,287,0,1032,0,0,0,0,2512,0,497,0,0,0,0,0,0,0,0,0,0,0,0,0,0,0,0,0,0,0,0,0,0,0,2182,0,0,0,4,0,677,58,0,0,0,0,0,0,1568,0,526,0,0,1131,71,448,0,0,0,0,0,0,427,0,0,0,0,0,0,727,0,0,0,0,393,0,0,0,0,183,22,19,0,0,501,0,272,173,0,0,155,130,0,575,104,342,0,964,11117,4225,253,0,812,10348,7580,4594,4692,1067,897,116,901,412,3015,2336,1807,2834,4307,220,7947,1601,2315,705,2377,1081,0,119,0,0,0,8881,0,0,0,0,2990,0,8223,1891,3100,1164,313,510,23,0,0,0,402,7933,289,311,80,2001,1267,3595,10254,1225,2113,5321,609,0,5,1207,99,88,0,223,133,416,0,11490,0,627,0,0,322,8852,830,679,132,154,411,44,222,0,0,0,0,0,0,0,136,190,179,316,305,26,8,0,0,0,0,0,0,0,0,0,0,0,0,0,0,0,502,0,0,0,0
LV,0,0,653,2014,4939,681,201,3027,377,6380,2132,2374,65,297,42,2079,8179,214,149,12579,8561,140,1347,2781,34,0,797,28,537,837,324,99,130,1583,224,2508,1243,14,247,183,300,1933,468,69,2394,308,37,281,17,3384,417,0,25,134,1276,548,1975,365,72,324,77,326,2,1245,1,716,85,18,66,617,991,603,322,229,105,224,660,849,13,2,5827,246,9,51,418,546,1045,5116,165,5243,1291,4373,1759,1437,2683,290,581,68,1211,16148,7824,3522,931,960,11763,7468,3127,3622,7341,4798,196,2297,1013,8263,10438,2251,4961,13125,1957,37705,2525,3420,2458,10556,3534,21459,6421,3207,3129,12460,18177,562,313,1240,22597,4119,18,15172,2350,2627,3815,91,629,80,243,678,3232,527,6178,1811,359,966,15815,14192,3497,6166,413,3159,6074,1948,451,51,4060,1392,589,1388,745,315,1263,656,487,1916,1723,242,4743,467,4624,628,156,1577,202,720,770,1045,1,0,0,5028,399,16,1799,942,126,530,1040,1354,5161,19,12,75,1139,0,45,1173,215,80,0,12,619,258,21,4904,1489,1614,4,0,50,0
MT,0,0,0,0,335,248,0,177,0,1534,0,934,0,0,13,0,362,0,0,0,297,0,0,1303,0,0,0,0,111,0,0,0,227,822,0,1033,262,0,0,0,0,800,282,0,14,0,0,0,0,1005,0,0,0,0,144,0,246,0,5,0,0,0,0,0,0,17,33,0,0,42,0,0,0,0,0,0,0,0,0,0,1526,75,0,0,0,0,53,1583,0,0,0,0,0,14,257,0,0,0,676,3639,510,37,0,140,2968,1803,401,942,1406,475,36,421,182,2810,3851,313,600,1507,293,2743,1640,426,726,2543,877,5683,703,401,0,1393,1127,0,104,0,3393,7885,0,5639,1462,1118,0,0,520,67,59,283,0,0,2041,0,0,143,800,452,860,1992,1571,1832,1855,0,0,0,828,220,246,78,51,180,285,0,0,2302,1264,465,2451,4,3157,0,0,0,0,0,100,350,0,0,0,0,0,0,8,208,0,162,317,744,0,0,0,0,0,0,0,0,0,42,0,0,0,0,6,0,0,0,0,0,0,0
NL,0,0,852,977,14850,10170,2661,11749,3443,43689,23271,6789,205,1129,1727,9190,3555,1179,806,1627,14806,3925,14213,30998,977,0,25304,366,5711,3901,6704,2003,392,16277,3134,27155,5572,0,2544,813,0,12319,2240,2334,0,1325,0,5007,3501,36897,3911,0,0,8042,24127,4165,12496,7580,857,1380,1186,10130,5063,6254,147,2927,5879,2558,3031,12308,30915,6584,1545,22278,8471,6766,4735,11978,3916,2525,25404,1812,732,1005,778,11948,2278,32435,10025,0,0,0,5292,4689,16623,5930,3542,1768,6769,144200,37850,17471,6466,16660,130243,85194,44528,97367,24059,17096,3733,25856,35584,77379,118503,56577,87796,87278,10779,287231,56364,15142,21301,94824,41453,250228,18780,25041,0,0,119318,1786,7862,14483,63012,52687,0,195813,44317,67482,0,0,17758,1986,4830,3619,22788,8551,150611,13257,1550,6464,48239,27434,51148,101341,32747,127470,111238,14992,31428,3442,50290,18018,11082,24614,8446,11363,12359,20424,488290,41047,20484,3379,30946,1449,152948,24287,6231,13347,3606,18334,2720,10324,522,2651,0,3241,7375,0,152,12413,0,10779,6069,6265,5802,676,3092,1263,334,0,10536,0,0,2518,0,5908,0,116,3078,0,0,1126,152,0,0,219
NO,361,0,2888,531,12102,1267,400,6434,657,8672,4110,4431,229,205,159,2335,1379,112,64,4054,10296,2920,1674,7056,39,1,7620,2,1135,890,957,0,1092,1783,567,4132,1952,19,30,368,503,4829,742,2729,1762,327,19,7135,1273,6941,370,90,2687,241,7677,1095,3633,1931,193,1499,275,4140,172,2069,3,2010,685,995,791,6617,5547,1488,316,5840,83,845,2157,22522,523,96,6354,694,46,468,17,2156,675,14434,3085,14774,37,386,322,665,4295,840,1814,81,4495,63641,7278,4518,906,20025,52146,18826,20086,15031,22593,6732,800,3597,2959,15166,23170,9675,25859,24556,2642,76775,6998,14812,3270,32945,15311,60589,208,3799,913,33901,29460,9261,15310,1567,27249,23519,42,45779,9358,3903,15184,8516,3889,489,515,5298,4312,654,33823,3779,676,2472,15772,7965,8055,22761,0,11287,40974,6488,6393,2121,6589,1320,2010,2899,2266,1221,4102,1286,38087,0,4174,1275,8197,3044,28795,928,1001,5097,738,8506,1087,1393,21973,1264,472,9011,2033,29,239,1061,1601,3460,970,1458,2910,20,0,66,4,1,1,6575,211,1346,26305,22,3586,208,16,16269,5870,7532,582,286,38,13
PL,119421,5504,19994,4269,122948,34343,3326,41333,11447,105704,50868,27187,3356,5527,6906,37421,98077,7335,19151,34267,90487,7079,46757,43597,1462,4315,33191,762,7602,23779,8718,1320,4327,19936,33929,133537,34265,2762,13174,12394,6510,45027,11794,7470,24079,4225,6178,9256,18351,81889,16612,6798,4683,9487,72084,15316,63627,19963,8557,11693,12362,11628,783,29607,2556,8701,14659,27894,10712,37837,34933,16670,6750,40546,32096,9369,107251,13146,14035,5767,158800,7829,638,1851,3657,19142,19236,90306,23053,89347,22448,38851,33128,33369,34539,7853,10096,1200,24573,294471,86953,48604,39212,31820,173987,115709,86918,74250,109008,55904,3544,59830,19255,120517,117089,13058,35895,181013,192833,527825,103495,43359,32550,99730,35050,331735,62785,55085,39006,148486,272068,450,1819,16159,108311,45688,963,110028,21507,31721,43440,7593,10560,2091,4044,11981,41779,4300,93726,21253,3881,10580,51388,104339,51045,94610,5810,69226,111465,18524,6739,566,56406,7249,8225,28182,11187,5245,10549,27782,27971,32409,15376,4894,87148,3711,95049,14952,8619,11528,3979,20917,10971,20905,524,105,0,16134,10532,975,11868,19614,572,5206,6293,4979,49622,9267,6268,1740,7892,1703,643,5524,212,254,4082,9308,25617,3270,702,0,7143,16328,653,0,3801,67
PT,0,0,9804,309,17399,3776,2181,6607,1720,45351,7561,14458,3509,8289,8412,24447,84616,3194,38922,5860,27657,3644,7698,18745,186,0,4135,348,3763,2114,1711,427,988,5096,5020,18754,6914,271,6659,11012,1458,8463,11994,1440,1109,713,855,2100,3574,35821,2257,669,436,2642,13559,15506,15003,1408,1005,1452,3512,867,0,7059,530,3711,2358,3601,1514,4286,6978,1364,1126,7362,5328,3035,21769,1204,306,1830,35452,2683,129,325,469,4368,5495,14687,4439,8618,789,89,13037,1643,6250,5436,3510,77,6275,207762,36622,8483,34624,7442,74634,49166,19661,37181,43297,17996,4489,31351,8338,58258,58790,9163,27374,44429,16871,130680,42906,16115,16164,67145,20512,137125,15330,9430,0,35259,65695,0,660,2895,26649,49295,119,126143,21037,90533,10591,1928,5247,943,1536,1478,9224,2425,39430,3390,786,25928,8470,19683,31858,50548,6258,40730,55283,5156,3961,1402,12767,1334,3444,6149,3906,1917,6882,3499,83596,8220,8562,1765,41602,7952,61050,6250,2837,11380,2600,163543,1914,6962,0,0,21,7376,3457,102,7889,4612,1332,4929,3181,4116,2016,377,675,536,141,0,0,10771,70,126,0,1971,0,0,0,13377,3720,2850,20,1441,373,0
RO,9316,8695,7932,2516,41086,5303,2986,14952,12304,68106,14923,23413,4412,4534,1789,17333,142326,6299,51541,28797,25789,2190,9933,17191,392,49,21193,483,3832,2953,1549,922,2577,6293,12486,34174,6676,965,3445,5954,3524,15511,2685,2381,21864,4442,1530,5730,4325,39879,3962,1521,0,3489,13069,4778,16574,9500,3672,4118,275,6029,465,13738,747,4341,2785,8583,6064,18157,9565,2094,4164,17222,17472,1632,97487,17470,3531,931,60482,2256,926,1460,1360,3714,4353,24605,2960,51134,10571,19406,34912,1071,28872,1302,12744,665,5612,173077,53594,18203,22554,5599,85680,18511,20038,21266,40527,31348,698,35923,11285,82333,66202,8420,16854,72495,28946,247708,22074,20104,10096,45677,13143,94085,10876,7711,19551,76084,88361,39,800,3883,56494,35466,5022,60763,7552,28754,13180,8243,5960,776,3493,8241,26616,4963,41118,6490,1246,3690,23803,16890,441,19557,448,47037,53191,7999,15704,1201,22237,3825,2745,6989,4302,543,3529,22302,5034,4681,8419,622,108155,300,26835,5649,2390,7829,1073,26750,5357,4567,24610,5936,70,1387,1857,255,12926,2460,547,2096,2044,1899,1734,434,1520,981,8820,0,2134,4015,92,21,6267,3911,16751,6927,310,34731,8329,13183,785,2432,214,9
SE,0,0,3023,371,12860,4427,839,7747,2114,18383,9752,5422,49,526,618,5047,1142,722,334,14071,22442,24936,10372,17952,234,0,11348,40,4012,2214,3670,17,318,14171,7448,17656,4110,675,58,1490,841,8561,1159,2374,14712,16462,3165,7169,2871,12928,1427,108,2556,2317,32627,13470,13542,4371,1580,2365,783,9957,525,13741,750,2555,2946,5015,3065,20289,29982,4581,3335,21830,44926,4042,17488,3397,0,1811,16361,586,172,829,231,10520,2377,18028,3201,22026,292,8798,1091,1894,8367,1137,4031,268,232,93994,14510,4397,1125,32295,91724,57450,34888,35710,27489,10757,2162,11295,4967,33977,68773,20456,41171,57739,1594,97020,18046,11899,15536,54418,19377,82767,768,11528,3732,65068,74966,9162,6369,1936,49895,36935,10,106108,8464,0,25371,12239,10033,1878,3145,4903,17785,2978,99403,6198,1616,454,51599,22870,13047,32936,0,55356,84290,7940,16960,555,29375,3519,2868,6670,4170,2678,8863,10852,74071,1,10743,1423,19719,11644,61533,3551,2024,14936,3920,26294,2218,3113,0,0,3645,2336,1056,52,151,2312,2182,8307,3577,2200,3750,36,0,590,2203,0,170,7644,326,382,77,0,6357,0,1053,0,13972,7326,264,0,144,6
SI,0,0,959,177,4575,885,269,1253,668,5264,1324,1895,716,248,89,4266,4674,1768,1693,1669,7384,1959,2662,5181,40,0,2309,163,1559,1016,946,0,9,0,3158,9800,2112,61,340,296,487,1970,954,2692,2993,194,210,1023,4134,7018,911,11,23,3170,8533,4536,6394,2077,214,1055,341,1662,0,6329,670,1279,1281,8896,1419,4445,4405,1064,1378,3082,2912,1427,8538,313,116,95,9527,514,58,429,251,2766,751,4691,1545,7266,139,802,4176,326,2879,281,1528,249,962,22485,7957,1554,2918,1521,12414,17115,10976,5766,6902,2192,239,16433,628,2969,7815,1062,2213,9040,6830,28633,1479,2195,1018,5980,3003,10922,355,2170,0,5053,21589,47,198,477,7314,8916,603,15669,1789,6044,3436,95,1029,173,426,316,2784,310,10549,1316,226,779,1368,2922,3463,8183,749,10024,13755,1388,2643,440,2598,860,589,1359,726,203,333,604,5314,663,1517,382,6993,441,7494,948,784,217,503,934,647,1079,0,1,0,104,427,10,1080,764,51,889,984,262,128,131,0,150,0,0,0,695,33,40,69,38,0,0,0,0,1082,1821,35,0,8,0
SK,0,0,1727,434,7239,1465,774,3753,970,16653,4853,5865,263,774,79,5082,16806,1561,8512,13802,14281,2709,5017,7373,194,0,6536,12,556,899,613,542,537,1707,6482,21217,5059,2135,611,873,2341,6074,1476,886,12369,3594,2135,1680,3315,10399,2864,758,537,1706,24857,6752,15246,7425,1093,1856,7628,2259,55,9306,55,5170,5610,2780,4149,16269,8144,1215,1941,6542,12318,1473,37291,491,163,215,14500,1109,74,644,563,4238,1705,14627,5267,10201,3189,6644,11714,400,4496,2847,1857,291,145,35303,13190,6089,3554,32857,29482,31693,24010,11718,14419,4164,478,58427,2619,11623,14237,3174,7752,17245,34725,93634,7846,3655,4778,17666,5733,34294,2265,21795,7198,18357,29885,4,7,2617,30214,7866,3440,26893,4344,8911,6461,411,1605,251,68,569,0,2941,17927,7191,87,301,12551,12901,8169,26605,357,16595,20281,5080,1280,225,10428,2495,1447,6442,908,2172,3027,8765,4354,1015,2917,376,15089,166,13678,1466,3543,500,2503,12745,2528,3040,0,0,0,711,925,107,3584,1170,62,664,3057,1511,1776,113,0,119,3207,642,375,317,47,139,0,0,0,0,53,0,0,2185,69,0,268,19
UK,6023,0,14395,2552,79728,30320,1618,27945,9888,107050,90982,44195,4102,6560,6994,40143,22184,0,3962,9511,66583,0,0,110829,2549,0,41560,2622,16938,23450,20850,0,6993,43133,21773,132697,19667,3049,6424,8387,0,34324,8286,7823,19868,10221,2587,25223,15707,76560,10417,2201,14483,18138,103840,22305,47451,24690,0,14395,0,59462,4503,37451,1924,13223,14422,0,11671,66173,71319,6724,9585,35150,62678,19134,47557,33925,87345,0,67884,0,1340,5552,4353,41918,25480,70067,19741,83346,40357,261,40143,11621,49479,26939,26758,4034,78586,312562,37767,21099,165342,13431,409859,222679,128775,198368,215380,102622,7369,47428,27650,185423,275727,77437,189517,257827,60689,1371440,157241,45364,47741,285407,163931,872264,4720,98672,6144,229905,267554,6301,6855,107004,183183,318002,3790,686667,271640,543400,145572,9230,109556,7964,6133,25668,9243,200392,522617,40912,17404,6480,241456,225661,338357,253348,61838,372541,403533,47257,106592,4978,98204,49366,18820,83594,42323,23466,76020,141282,635520,2852,92617,8549,189837,109485,439196,60024,18334,57054,18224,233119,25715,16394,14819,481,0,15499,14771,42,3066,25469,31271,34856,4461,37567,7571,1054,386,4200,5035,2439,357,75010,1845,1154,22879,11321,53531,172,1144,161607,97754,14853,1508,0,154,66
